manager_name,cik,accession_number,report_period,portfolio_value,position_count,mapping_coverage,price_history_coverage,volatility,mdd,beta,sector_hhi,unknown_sector_weight,n_sectors
ARK Investment Management LLC,0001697748,0001104659-26-059240,31-MAR-2026,11814550261,128,0.9187855291314787,0.9371843820031128,0.37719963316991273,0.20938637004115856,1.715406495733105,0.19063054042581404,0.013432189860843588,11
RENAISSANCE TECHNOLOGIES LLC,0001037389,0001037389-26-000033,31-MAR-2026,58712040320,2732,0.9183816451571574,0.9778011286629393,0.20373802889967466,0.13367955892813543,1.0026044943526142,0.12221510148897827,0.0032886859018176396,13
BAUPOST GROUP LLC/MA,0001061768,0001061768-26-000007,31-MAR-2026,4246194,16,0.8300837865417623,0.9838982863241764,0.19481253107183555,0.11377466472223519,0.8738775073011286,0.22810881608769262,0.0,8
"Bridgewater Associates, LP",0001350694,0001350694-26-000002,31-MAR-2026,21317169528,904,0.9514662057366167,0.99697579901894,0.23292444857818279,0.13360583419589311,1.1760990122671313,0.16889857752258755,0.012714515144291519,13
Berkshire Hathaway Inc,0001067983,0001193125-26-226661,31-MAR-2026,251932867355,27,0.9575711953348947,0.9999206313324263,0.19721211389580337,0.15782689083930934,0.9033439380364665,0.22270734442039208,0.0,9
"Pershing Square Capital Management, L.P.",0001336528,0001172661-26-002336,31-MAR-2026,13714299861,11,1.0,1.0,0.22845874874885908,0.18997923627958113,1.085308080025568,0.23754484548532404,0.0,6
Duquesne Family Office LLC,0001536411,0001536411-26-000004,31-MAR-2026,2625327,52,0.8938281448958386,0.961634874436594,0.2728805440846257,0.14369429849109683,1.22703187375873,0.25258329406547314,0.0,8
RAYMOND JAMES FINANCIAL INC,0000720005,0000720005-26-000052,31-MAR-2026,313410292398,4697,0.9666055296559273,0.9830689746900161,0.15837447085480846,0.11088760011489218,0.8222689001840342,0.23893605359652398,0.007037240612886888,13
ALLIANCEBERNSTEIN L.P.,0001109448,0001109448-26-000101,31-MAR-2026,296382228961,2853,0.9597407834680827,0.9647374048652045,0.19068149886086116,0.11733984060842995,0.9957954629660815,0.15343458822884745,0.0042897273777291415,13
 HARRIS ASSOCIATES L P,0000813917,0000813917-26-000038,31-MAR-2026,69178067204,139,0.9238618062917534,0.9859261826999454,0.19634499282623843,0.1394726147081119,0.9025869053667325,0.14998528722818302,0.016147912207755594,12
"CWM, LLC",0001535847,0001580642-26-003177,31-MAR-2026,37554550710,5086,0.9872922286934241,0.9786844942659148,0.14295660952089193,0.1005586331998396,0.7409020262498286,0.4427635234293073,0.026835876873397967,13
D.A. DAVIDSON & CO.,0001080107,0001080107-26-000003,31-MAR-2026,16148867173,1462,0.9790132784410318,0.9787486858165639,0.1540113833067609,0.11063509346273526,0.7933650079286323,0.3381425084008759,0.011160292998629657,13
Impax Asset Management Group plc,0001749768,0001749768-26-000002,31-MAR-2026,12425006629,267,0.8661094871060742,0.9943118476222746,0.20332929945564793,0.12185691532177823,1.008920695413253,0.26230689148610337,0.0002141048298120522,12
"EXCHANGE TRADED CONCEPTS, LLC",0001457320,0001213900-26-043721,31-MAR-2026,12558781917,1354,0.9668197221622927,0.9525752866053212,0.17308458494382076,0.11497440793108804,0.8935196985154442,0.14650511163560323,0.04249926778948984,13
PINEBRIDGE INVESTMENTS LLC,0002088548,0001628280-26-035187,31-MAR-2026,11866178799,478,1.0,0.9629802955575708,0.19804213552201838,0.1243935854587972,1.033779365487518,0.1978744943464291,0.0034496527083100656,13
New York Life Investment Management LLC,0001133639,0001133639-26-000002,31-MAR-2026,11790277134,743,0.9976107220445206,0.9701453835224159,0.17268059262250576,0.11432727585985991,0.9042749886816924,0.173577154293292,0.0028465143058239574,13
"Clearstead Advisors, LLC",0000842775,0000842775-26-000003,31-MAR-2026,10859112066,2046,0.9925218318151223,0.9840379513585913,0.16139200778535723,0.112804842924082,0.8336552023674931,0.3865010023115802,0.008978502874512776,13
"Blue Trust, Inc.",0001856022,0001856022-26-000003,31-MAR-2026,8700198901,2266,0.9957512250565993,0.9934852384819058,0.12183584112285199,0.0860129559530417,0.6164750624174459,0.7649471349407584,0.00628366639431695,13
"NORTHWESTERN MUTUAL INVESTMENT MANAGEMENT COMPANY, LLC",0001629649,0001629649-26-000002,31-MAR-2026,6592612152,854,0.9991898707862972,0.9885365351005712,0.17219441238529093,0.1191224792884864,0.882079810884015,0.42728616001637215,0.0021397736296204064,13
"SIMPLEX TRADING, LLC",0001488542,0001488542-26-000009,31-MAR-2026,3086191667,2225,0.9551496128410116,0.9897410454643678,0.22693145863523065,0.1281245238276154,1.1326918269547364,0.16938472661868054,0.0017378961786634495,13
"Gates Capital Management, Inc.",0001312908,0001172661-26-002331,31-MAR-2026,2570300567,25,0.8867441600737468,0.9411825920513054,0.21534733565158673,0.1361548632898738,0.8970520011616275,0.22607360782161215,0.0,9
Silvant Capital Management LLC,0001738728,0001738728-26-000004,31-MAR-2026,2744839720,289,0.9484539614541849,0.9882821136091692,0.23969501737780005,0.12632130285422305,1.2207762067752133,0.2589297105331902,0.002764508920342864,13
"Gallagher Fiduciary Advisors, LLC",0001527781,0001527781-26-000002,31-MAR-2026,2571945509,322,0.9985049936057814,0.9964660639316834,0.1532866518402482,0.08706186845840513,0.5457450371869225,0.33110399749788233,0.0006004885756342829,13
"Index Fund Advisors, Inc.",0001665097,0001665097-26-000004,31-MAR-2026,2221815055,123,0.9998540114130784,0.9992488704240957,0.17681191029644747,0.12590947550875298,0.8601723656956818,0.9368091414451175,0.00032889906316186973,10
"Aristotle Capital Boston, LLC",0001633911,0001398344-26-009206,31-MAR-2026,1501895731,112,0.932542411063125,0.998893181486778,0.21737562351889372,0.14261815292326274,0.984409008095297,0.14237684845482182,0.03384838707814268,13
"ZIONS BANCORPORATION, NATIONAL ASSOCIATION /UT/",0000109380,0000109380-26-000085,31-MAR-2026,1509113071,1380,0.9729306275686341,0.9924559297651196,0.16742996737808294,0.11684600798197364,0.8673425123628968,0.3410185654421222,0.007208807902968692,13
"Vantage Investment Partners, LLC",0001534561,0001534561-26-000003,31-MAR-2026,1381303678,59,0.9530140651620325,0.9616121140886443,0.1818425147681117,0.11068600538232787,0.9167840661417316,0.15972148124693958,0.0006707946418007942,13
Hardy Reed LLC,0001761871,0001765380-26-000128,31-MAR-2026,1360224934,224,0.9922805533433872,0.9753982762971466,0.16359233957076177,0.11156083533511973,0.8456129681900766,0.5541158099558618,0.00513124497377469,13
Parkside Financial Bank & Trust,0001455267,0001398344-26-009088,31-MAR-2026,1242825450,2429,0.9548643959325881,0.9720847348274048,0.18099522162886283,0.12519280668158395,0.9190795904287936,0.2401555845128552,0.0125625804316319,13
Spartan Wealth Advisory Services LLC,0002075193,0001765380-26-000177,31-MAR-2026,1127715468,291,0.9852357893935396,0.9528590389078533,0.2134983629939204,0.1278224112560541,1.0526315252121592,0.22439864116352484,0.006178732534599566,13
Certified Advisory Corp,0001731732,0001731732-26-000002,31-MAR-2026,1114132971,309,0.9992113217450199,0.9849512298474111,0.13812107110047261,0.10001744362982168,0.7122630150873236,0.7196212798351601,0.0024211233539958897,13
"Abacus Wealth Partners, LLC",0001978011,0001765380-26-000123,31-MAR-2026,1074620676,463,0.9811171137485651,0.9311034752508335,0.15121834931830902,0.11254548712372237,0.7505537102617537,0.48415365727612486,0.003836384211531004,13
"MONOGRAPH WEALTH ADVISORS, LLC",0001776588,0001776588-26-000002,31-MAR-2026,1053502621,135,0.9988408648891756,0.9953058503116908,0.16556815751361673,0.11910074052014441,0.8426081673060213,0.7606325158043582,0.0019837923557983602,12
"BFSG, LLC",0001706836,0001706836-26-000002,31-MAR-2026,1003389125,682,0.9516827905015224,0.9798809559551485,0.1426875563509949,0.10193888914971394,0.6948977144161279,0.2098886686186313,0.008187862575264871,13
"Financial Synergies Wealth Advisors, Inc.",0002017868,0002017868-26-000005,31-MAR-2026,1045309588,108,0.9976991024851638,0.989569013692047,0.17194030730104412,0.12229615481775213,0.8799644880586551,0.8677466547303629,0.008297230664303065,10
AZZAD ASSET MANAGEMENT INC /ADV,0001121914,0001121914-26-000004,31-MAR-2026,919483335,305,0.929694426410624,0.9846128260715025,0.19635334770093163,0.1317285902223857,1.010666304770349,0.16700982199461792,0.0059702237210877565,13
"Scarborough Advisors, LLC",0001815355,0001815355-26-000005,31-MAR-2026,912744746,707,0.999085853347569,0.990155968534055,0.1374921432548208,0.09467090198695427,0.7094585570357816,0.8144548997311098,0.03085845307779826,13
"Apollon Financial, LLC",0002011195,0002011195-26-000002,31-MAR-2026,721455955,254,0.9977313867928209,0.9863681449548781,0.16523869569788271,0.10847323264844111,0.862493409241458,0.5145685173178822,0.019539668783210402,12
B & T Capital Management DBA Alpha Capital Management,0001450935,0001450935-26-000005,31-MAR-2026,685497322,107,0.9936289840599386,0.9709260541793918,0.1708168617590986,0.11133943547848513,0.8840561731971843,0.2780652004810842,0.0,12
WPWealth LLP,0001950118,0001950118-26-000002,31-MAR-2026,654247150,92,1.0,0.9916217839084206,0.11124612916949987,0.08483010690543158,0.5518940001754498,0.9424351050978906,0.0,9
"Tarbox Family Office, Inc.",0001599603,0001599603-26-000003,31-MAR-2026,615760554,91,1.0,0.9610073674839522,0.16626695271600783,0.11939303038638105,0.8467306063094797,0.7639518894713759,0.03940664485770909,13
Waterfront Wealth Inc.,0001775210,0001775210-26-000004,31-MAR-2026,527688060,267,0.9688783041154801,0.9567375809109647,0.1764492682724537,0.12815905763599755,0.8944622395964423,0.2337336312926094,0.013079356862329312,13
"WestHill Financial Advisors, Inc.",0001759641,0002085853-26-000325,31-MAR-2026,522159068,73,0.9984851952840873,0.9973081153117118,0.1460730357559563,0.10324242319296961,0.7542125387823232,0.819013304007903,0.02935345360997648,11
Mason & Associates Inc,0001917686,0001917686-26-000002,31-MAR-2026,512263281,151,0.9946760994998036,0.9823281575397554,0.1689499220578228,0.1079341196168544,0.8707144755968295,0.6499890660718693,0.0014117010581125528,13
ROWLANDMILLER & PARTNERS.ADV,0000225816,0000225816-26-000002,31-MAR-2026,477398026,177,0.9678097797570464,0.9647268587574763,0.15721942361507887,0.11744756247584476,0.7722397036626744,0.1312697183738025,0.0,12
"Scott Capital Advisors, LLC",0001905673,0001905673-26-000002,31-MAR-2026,493187335,57,1.0,0.9970802048272387,0.12977165393121576,0.09391315309825288,0.6707994360271999,0.9370582845750641,0.0,8
Crumly & Associates Inc.,0001759578,0001759578-26-000004,31-MAR-2026,472006189,189,0.9917173608460248,0.9955813164136287,0.15607545368448253,0.1097375346655185,0.8005171541588036,0.7173802013575811,0.001606214095645527,13
"PRUDENT INVESTORS NETWORK, INC.",0001766005,0001986152-26-000081,31-MAR-2026,458659839,70,0.9987690373075578,0.9970921478477212,0.09839370573311025,0.07311556548238152,0.4956604288387502,0.7870251573561619,0.045612616260688396,9
"Generali Investments, Management Co LLC",0002043136,0002043136-26-000003,31-MAR-2026,429904597,159,1.0,0.9766076983819738,0.2119248087201728,0.1258695691807471,1.0943231163073865,0.21794061367769127,0.0044152893101188665,12
SECTOR GAMMA AS,0001475373,0000945621-26-000644,31-MAR-2026,387793903,39,0.9157109462279703,1.0,0.21219510727074534,0.13228374678077592,0.6533770578332755,0.9753649571085432,0.012473099660878367,2
"Fairvoy Private Wealth, LLC",0002046607,0002046607-26-000002,31-MAR-2026,415429614,194,0.9915781465998298,0.979443179512956,0.1414416542136021,0.09872798310093633,0.7309843407459171,0.341046967325399,0.002149083635446738,12
Kelly Financial Services LLC,0002023336,0001754960-26-000221,31-MAR-2026,413684110,125,0.9995127496239445,0.9970517552632128,0.12491791973026703,0.0852905761516104,0.6387131201028245,0.8644306671058901,0.0,12
Sequent Planning LLC,0002009724,0002085853-26-000438,31-MAR-2026,413070813,238,0.9987662298195524,0.9966733355232242,0.11462014295156962,0.08107462063006665,0.5931039355779207,0.7812465502457177,0.009602946382866618,12
"G2 CAPITAL MANAGEMENT, LLC / OH",0001910858,0001951757-26-000826,31-MAR-2026,411372885,70,1.0,0.9817715209887983,0.14896588974501335,0.10512224843679918,0.7758383034024672,0.8218614787985343,0.0,10
Tillman Hartley LLC,0001966355,0001966355-26-000002,31-MAR-2026,398300500,87,1.0,0.9980405849352436,0.12715359597443873,0.0936985134462952,0.6310165316979336,0.9172867995828895,0.0013667511383777598,9
"Cadent Capital Advisors, LLC",0001803536,0001803536-26-000002,31-MAR-2026,375938133,179,0.9944275751750337,0.9701483568308299,0.1753001426883453,0.12146085296581732,0.8925429601133058,0.47258934023291593,0.007497649635444054,13
"Veery Capital, LLC",0001844375,0002085853-26-000309,31-MAR-2026,325825069,93,0.9991534742404229,0.9967802354704635,0.14960160155119934,0.1046157612768468,0.7680246390708564,0.796854277063286,0.008680219891501893,11
"FLYNN ZITO CAPITAL MANAGEMENT, LLC",0001857144,0001857144-26-000002,31-MAR-2026,312318367,144,0.9977340629199589,0.9538292123562493,0.15950306829440042,0.11157956123251178,0.8296914879155318,0.47688456823118924,0.042920515090276654,13
"Pegasus Asset Management, Inc.",0001729049,0001729049-26-000002,31-MAR-2026,301319566,62,0.9634254560213998,0.963352987173757,0.19132112049747554,0.12730392242904764,0.9932966412984293,0.1398881880559264,0.0,10
Prodigy Asset Management LLC,0001956244,0001956244-26-000003,31-MAR-2026,299508853,26,1.0,0.8795241287909443,0.09946378160946599,0.06921462411268586,0.5050589866172472,0.9512307928490743,0.0,7
Windward Private Wealth Management Inc.,0001835866,0001835866-26-000004,31-MAR-2026,289282380,44,1.0,1.0,0.10153432057681139,0.07235438227451507,0.5041716442670402,0.9021101906749718,0.04670910824226488,6
BEACON INVESTMENT ADVISORS LLC,0001961635,0001172661-26-001953,31-MAR-2026,251649667,156,0.9499101719361958,0.9160041606572045,0.17817148044717743,0.12571632378058362,0.8850014318986308,0.1464539585248543,0.001183143749538365,13
"PING CAPITAL MANAGEMENT, INC.",0001804352,0001804352-26-000002,31-MAR-2026,254171078,58,0.983155914935763,0.998472682245932,0.4775032072894054,0.32384936153484134,1.1453060321511421,0.21212556661378792,0.0,11
"Palisades Investment Partners, LLC",0001427373,0001427373-26-000002,31-MAR-2026,242253599,48,0.949776691900202,1.0,0.2836304748201926,0.12086630907721785,1.2281849561124623,0.24362146770302412,0.0,8
AXS Investments LLC,0001801467,0001801467-26-000004,31-MAR-2026,234837747,171,0.9482878805756362,0.9877722340778546,0.18329726986061246,0.10402282391833062,0.9336693930168694,0.3578798996063744,0.0004429222763595142,12
Montz Harcus Wealth Management LLC,0001918613,0002085853-26-000518,31-MAR-2026,247420697,87,0.9991527538039428,0.951002449888014,0.18268114559221435,0.12415877714912116,0.9468713804489887,0.41098898394960665,0.1463445482458606,11
Investors Towarzystwo Funduszy Inwestycyjnych Spolka Akcyjna,0002079571,0002079571-26-000003,31-MAR-2026,233973140,177,0.9664772346589443,0.9948436859034332,0.25376764870038016,0.1368117373303287,1.2831150475268687,0.2432870947267237,0.012419663068558934,11
Pilgrim Partners Asia Pte Ltd,0002012674,0002012674-26-000003,31-MAR-2026,234074348,107,0.9873680985171489,0.9720447282843654,0.23529766169505648,0.17829142955692623,1.007405487948887,0.5876313513031886,0.00013415330401779212,12
Robbins Farley,0001847820,0001847820-26-000002,31-MAR-2026,215465570,133,0.9537404589079842,0.9981568331311588,0.16532842115951515,0.10457851982580979,0.8442122043079061,0.12748789623910936,0.00912881072722384,13
"DIXON FNANCIAL SERVICES, INC.",0001909993,0001909993-26-000002,31-MAR-2026,222733474,42,1.0,0.9825450394582361,0.17589501024152618,0.12916856347917027,0.8840615733379342,0.7874119730583726,0.0,9
"Meritas Wealth Management, LLC",0001990690,0001990690-26-000002,31-MAR-2026,221067811,56,0.9996147734913211,0.9927279734090279,0.1677558359133822,0.1250551869957297,0.8306278763546059,0.7767849346182947,0.0,9
Higgins & Schmidt Wealth Strategies LLC,0001941260,0001941260-26-000002,31-MAR-2026,218918015,62,1.0,0.9980605935971053,0.15670257679622035,0.11009543545103861,0.7985509716267271,0.9089946408108044,0.026530924195601952,9
Notis-McConarty Edward,0001592616,0001592616-26-000002,31-MAR-2026,217275173,62,0.9924996730383672,0.9807156154007527,0.1879863742162396,0.11775933091401136,0.969940181853802,0.19553577320601204,0.0012539634682669472,12
"BRIGHT FINANCIAL ADVISORS, INC.",0002022456,0001172661-26-001920,31-MAR-2026,214119388,63,0.9811053965381882,0.9612080667818834,0.1302803191139068,0.08969488279603988,0.6280204635377209,0.7329001658090953,0.0,10
"Sterling Group Wealth Management, LLC",0001852307,0001852307-26-000003,31-MAR-2026,211415868,56,1.0,0.9953995222345373,0.1603487073323042,0.10881916703900651,0.8359471382191097,0.40801331379081573,0.3926894135556372,11
tru Independence LLC,0001785445,0001785445-26-000002,31-MAR-2026,201844851,98,0.9982189361488115,0.9854132568385408,0.1496570261150414,0.10776468730263589,0.7717450678406303,0.7421906867166018,0.006541755290502101,11
"Three Cord True Wealth Management, LLC",0002056001,0002085853-26-000502,31-MAR-2026,179958111,39,1.0,1.0,0.1510148865814725,0.10787346259537,0.768487663739388,0.968656520159537,0.0,6
"Delos Wealth Advisors, LLC",0001878326,0001878326-26-000002,31-MAR-2026,173923476,233,0.9957893985302037,0.9902012192994579,0.11567265547678558,0.0845262150571453,0.5543754082052762,0.5289946815652754,0.0023174414463499136,13
"GS Investments, Inc.",0001714590,0001420506-26-000812,31-MAR-2026,168790126,125,0.966735957281517,0.9565200514158038,0.17640968919215783,0.11187240568123646,0.9159789617709083,0.12269883108810173,0.0,12
Alpha Financial Partners LLC,0001966219,0001951757-26-000850,31-MAR-2026,168426963,99,0.9970470288623059,0.9841293166344156,0.14277961151718982,0.09937599362036686,0.7416315924737273,0.6808157000534424,0.02896014303421086,12
"Longview Financial Advisors, Inc.",0001786915,0001786915-26-000002,31-MAR-2026,163420203,144,0.9986108559302266,0.9914225354376778,0.1373626745928259,0.10821495830174588,0.6450950426878064,0.9059384869559982,0.009139069031585486,12
Hidden Lake Asset Management LP,0001750312,0001750312-26-000004,31-MAR-2026,142262482,17,0.94284484278204,0.9815232732970314,0.38256504301730176,0.20515498119366715,1.7077326781136644,0.4842149209540937,0.0,5
S. R. Schill & Associates,0001616004,0001616004-26-000003,31-MAR-2026,148034476,28,1.0,0.9997153230710932,0.1264452316905989,0.09332021751233799,0.6082167524654707,0.7323830936483203,0.1164180301393179,8
"KOM Wealth Management Group, LLC",0001804116,0001804116-26-000002,31-MAR-2026,146431793,86,0.9983889950257478,0.9860457216418842,0.14274697251398866,0.10100102365171815,0.7091267841442372,0.6612151960979851,0.05874562966234077,13
"Teton Advisors, LLC",0002086025,0001140361-26-021338,31-MAR-2026,136067004,142,0.9569772867513392,0.9599776592420599,0.2369819171337812,0.12656835349417117,0.9664226863208843,0.2042636513099989,0.0,11
Innovative Wealth Building LLC,0002062596,0002085853-26-000554,31-MAR-2026,142162775,68,1.0,0.9954488226612065,0.1572180315014403,0.10816702610561801,0.8223095322099059,0.8881906366505753,0.0023097426310101548,9
SEVEN MILE ADVISORY,0001987932,0001987932-26-000002,31-MAR-2026,133482028,158,0.9633565325904236,0.9779283769946917,0.19722177438253316,0.11795194765308681,1.0186440900050213,0.2204607652700663,0.0038049007267834133,13
"Mendota Financial Group, LLC",0001964538,0001964538-26-000002,31-MAR-2026,134976775,30,1.0,0.97963427411864,0.12276499182081352,0.08774866704617879,0.6141343703121915,0.9726073299436856,0.005631490334394319,4
STEWARDSHIP CONCEPTS FINANCIAL SERVICES LLC,0002105785,0002105785-26-000002,31-MAR-2026,127633859,61,1.0,0.9861875914916903,0.128251494942459,0.09391360009373229,0.6549029345057719,0.9142099972749305,0.0,8
"GRIZZLYROCK CAPITAL, LLC",0002011732,0001214659-26-006454,31-MAR-2026,107954110,14,0.8547431342887475,0.9160681793402771,0.33900867542898344,0.2688284196297138,1.270967970519867,0.16968587802060256,0.0,7
Talisman Wealth Advisors LLC,0001962685,0001962685-26-000002,31-MAR-2026,123591533,96,0.9955123481831287,0.9897764760309268,0.15163871186614208,0.10862491566803967,0.7865781353762723,0.5375559023180556,0.0,11
"O'Domhnaill Enterprises, Inc.",0002020582,0002020582-26-000005,31-MAR-2026,124104055,53,1.0,0.9671568749304766,0.1481661447404406,0.10383112689193319,0.4018408373766195,0.2261311042642242,0.0,11
"Pitti Group Wealth Management, LLC",0001909664,0001951757-26-000883,31-MAR-2026,122211264,74,0.9920237681923292,0.9631107407579059,0.15099040371732222,0.10454325591394664,0.782323493295579,0.4868944028006873,0.025448905155596693,11
"SJBENEN ADVISORY, LLC",0001813225,0002085853-26-000365,31-MAR-2026,119402858,21,0.9973723792767686,0.9870089374242617,0.2157601649323567,0.1571866305169629,1.0302487529511124,0.6328041289715239,0.0,5
"Seal Cove Capital, LLC",0002135303,0002135303-26-000001,31-MAR-2026,114101352,18,1.0,1.0,0.19004376535845763,0.11501981998484001,0.9936934194975243,0.8780561120416315,0.06522643132221606,2
"Bayesian Capital Management, LP",0001632551,0001420506-26-001146,31-MAR-2026,76364635,125,0.9318473726647328,0.9511759206339426,0.2539274341732235,0.14697798395238837,1.2100181765350613,0.13165301104871002,0.04369801714026842,13
"Walleye Partners, LLC",0002068376,0002068376-26-000002,31-MAR-2026,81269251,52,0.9980815337826203,0.8489093864049516,0.16962508239241678,0.11818242674961277,0.8521117248040705,0.38499925261479767,0.004859079321811219,9
NCP Inc.,0002023709,0002023709-26-000003,31-MAR-2026,60018395,71,0.9985054957618364,0.9910872325059675,0.26186671170250075,0.12948737885890615,1.3100932024247476,0.251100843506459,0.0,12
"One River Asset Management, LLC",0001616336,0001616336-26-000003,31-MAR-2026,29201537,72,0.9942584257604519,0.9759289040162509,0.22236440694092535,0.16088607653663367,1.1377534004084688,0.2668375585151168,0.0,10
